tag,question,optionA,optionB,optionC,optionD,answer
professional_medicine,妊娠3回、出産2回、妊娠41週の32歳の女性が、活動性陣痛のため入院した。妊娠は、吸入気管支拡張薬で治療している軽度の喘息を合併している。陣痛第2期の開始時、子宮頸管は100％退縮し、10cm拡張しており、頭頂部は-1 stationにある。胎児心拍数は反応性で減速はない。いきみ開始10分後、心拍数は60/分まで延長する。患者は急性に息切れを起こし、急速にチアノーゼを呈し、無反応となる。脈拍と血圧は検出できない。直ちに蘇生が開始される。5分後、鼻、口、静脈からの出血がある。最も可能性の高い診断は次のうちどれか?,羊水塞栓症,脳内出血,心筋梗塞,不随意運動状態,A
professional_medicine,6歳の男児が木から落ちて腕を負傷し、2時間後に救急外来を受診した。母親によると、この子は非常に活発で登ることが好きだという。この1年間にトランポリンから落ちて右脛骨を骨折し、自転車から落ちて脳震盪を起こした。教室で走り回ったり、しゃべりすぎたり、席を立ったりして先生から叱られることが多く、宿題の提出を忘れることも多いという。両親は現在離婚している。父親には違法薬物の使用歴がある。患者の身長と体重は50パーセンタイルである。脈拍は80/分、血圧は100/80mmHgである。身体所見では、左肩の脱臼、肘の擦り傷の治癒、膝の様々な治癒段階の斑状出血が認められる。精神状態検査ではニュートラル。本人は走ることと木登りが好きだと言っている。これらの所見の説明として最も可能性が高いのは次のうちどれか?,注意欠陥・多動性障害,行動障害,学習障害,発作障害,A
professional_medicine,全身性硬化症（強皮症）の45歳の女性が、進行性の息切れと乾性咳嗽が3週間続いたため受診した。体温36.9℃(98.4°F)、脈拍82/分、呼吸数20/分、血圧136/85mmHg。両下肺野にクラックルが聴取される。肺機能検査では、全肺活量は予測値の80％、肺胞容積で補正した一酸化炭素拡散能は予測値の65％である。肺生検標本の組織学的検査で最も可能性の高い所見は次のうちどれか?,びまん性間質性線維症,肺胞内滲出液,多発性血栓塞栓症,壊死性血管炎,A
professional_medicine,"45歳の女性は、2週間前から不安の増大、腹部不快感、いらいら感、集中困難の病歴があり、3週間前に駐車場でナイフを突きつけられて強盗にあった。彼女は甲状腺機能低下症のためレボチロキシンを服用しており、運動誘発性喘息のため必要に応じて市販の吸入器を使用している。血圧は140/80mmHg、脈拍は100/分。診察では、皮膚と髪が乾燥している。協力的であるが、不安そうで、診察室の外で大きな音がすると、周囲をすばやく見回す。白血球数は12,000/mm3、血清甲状腺刺激ホルモン濃度は5.0μU/mLである。心電図は洞性頻脈を示す。最も可能性の高い診断は次のうちどれか?",急性ストレス障害,広場恐怖症,全般性不安障害,甲状腺機能低下症,A
professional_medicine,高血糖と高インスリン血症が誘発される間、6人の健康な被験者が筋代謝の研究に参加した。被験者から安静時に採取した筋生検標本では、マロニル-CoA濃度が有意に上昇していた。マロニル-CoA濃度の増加は、これらの被験者の以下のプロセスのどれを直接阻害している可能性が最も高いか?,脂肪酸酸化,脂肪酸合成,糖新生,糖新生,A
professional_medicine,50歳の女性が、慢性的な痛み、こわばり、 疲労を訴えて受診した。身体所見では、僧帽筋、臀筋、後頭下筋群に複数の両側圧痛点を認める。X線所見および臨床検査結果は正常である。最も可能性の高い診断は次のうちどれか?,強直性脊椎炎,線維筋痛症,筋筋膜性疼痛症候群,変形性関節症,B
professional_medicine,19歳の女子大生が、膣の炎症と排尿痛が5日続いているため受診した。2週間前に溶連菌性咽頭炎をアモキシシリンで治療した。過去1年間、2人のパートナーと性行為を行っており、避妊にはコンドームを使用している。最終月経は1週間前である。体温は37.2℃(99°F)、血圧は90/60mmHgである。骨盤内診では、外陰部と膣に紅斑がみられ、濃厚な白色の膣分泌物がある。分泌物のpHは4である。 これらの所見の原因として最も可能性が高いのは以下のうちどれか?,細菌性膣炎,カンジダ症,クラミジア・トラコマティス感染症,大腸菌感染症,B
professional_medicine,熱不耐症、体重減少、頻脈、びまん性甲状腺腫の病歴が2ヵ月ある43歳女性が受診した。診察では、眼球外反、眼窩周囲組織と結膜の炎症、140/分の心拍数、温かくビロードのような皮膚を認める。頭部と眼窩のMRIで明らかになる可能性が最も高いものは次のうちどれか?,眼窩の石灰化,直筋のびまん性腫大,脳室の拡張,リンパ腫,B
professional_medicine,47歳の男性が、突然の息切れ、激しい胸痛、発汗の発現から2時間後に救急外来を受診した。同様の症状の既往歴はない。ヒドロクロロチアジドで治療中の高血圧症である。タバコは30年前から毎日1箱吸っている。脈拍110/分、呼吸数24/分、血圧110/50mmHg。左胸骨縁にグレード3/6の拡張期吹鳴雑音が聴取され、右胸骨縁に放散している。大腿脈拍は両側とも低下している。心電図は左室肥大を示す。最も可能性の高い診断は次のうちどれか?,急性心筋梗塞,大動脈解離,食道破裂,僧帽弁逸脱,B
professional_medicine,32歳の男性が、オートバイを運転中に自動車にはねられ、30分後に救急外来を受診した。激しい骨盤痛を訴える。診察では、会陰部に打撲があり、骨盤を動かすと痛みが誘発される。尿道口に出血が認められる。他に陰茎の外傷はない。プレーンX線検査で上恥骨粗面の骨折が認められ、尿道破裂を評価するために逆行性尿道造影が行われる。この患者において、尿道の以下の部位のうち、損傷のリスクが最も高いのはどれか?,硬膜内(前立腺前),膜性,前立腺,スポンジ状,B
professional_medicine,妊娠2、出産0、流産1の妊娠28週の30歳の女性が、出生前診察のために来院した。彼女は過去に一度、妊娠12週で自然流産した経験がある。今日、バイタルサインは正常範囲内である。身体診察では、子宮の大きさは妊娠28週と一致している。胎児超音波検査では、男性胎児で異常はない。血液型はO、Rh陰性。父親の血液型はB、Rh陽性である。医師は患者にRho,免疫グロブリンの投与を勧める。この治療により、この母親が予防できる可能性が最も高いのは次のうちどれか?,ナチュラルキラー細胞の発生,多血症の発生,RhDに対する抗体の形成,C
professional_medicine,37歳の男性が、1時間前から吐き気とふらつきを感じ、救急外来を受診した。既往歴は、アルコール性肝硬変に続発する食道静脈瘤とスピロノラクトンで治療された腹水が重要である。アルコール飲料を毎日8〜10本飲んでいる。追加の病歴聴取中、患者は大量の真っ赤な血液を嘔吐し、覚醒困難となる。バイタルサインは、体温36.0℃(96.8°F)、脈拍110/分、呼吸数12/分、血圧90/50mmHgである。点滴を開始した後、直ちに行う処置として最も適切なのは次のうちどれか?,経頸管肝門脈シャント術を行う,バソプレシン静注療法を開始する,気管内挿管を行う,上部内視鏡検査を行う,C
professional_medicine,40歳の女性が、6ヵ月前から顔の発毛が増えたため受診した。最終月経は4ヵ月前である。身長165cm(5 ft 5 in)、体重70kg(154 lb)、BMI26kg/m2。脈拍は80/分、血圧は130/82mmHgである。身体所見では、側頭部の禿げ、上唇と顎の粗い黒髪が認められる。骨盤内診では陰核肥大を認める。血清テストステロン濃度が上昇している。アンドロステンジオン、デヒドロエピアンドロステロン、尿中17-ケトステロイドの血清濃度は基準範囲内である。骨盤の超音波検査で12cmの卵巣腫瘤が認められる。この腫瘤を最もよく表すのは次のうちどれか?,肉芽腫,卵巣カルチノイド,セルトリ・ライディッヒ腫瘍,奇形腫,C
professional_medicine,40歳の女性秘書が、2ヵ月間の疲労と、全身の痛み、四肢近位筋の脱力のため来院した。患者は当初、車の乗り降りのときだけ筋力低下に気づいたが、この2週間で筋力低下は進行し、今では髪をとかすのも困難になっている。症状が出始めてから、手の関節の痛みもあり、イブプロフェンで一部改善した。彼女は養子であり、家族歴は不明である。10代の子供が2人いるが、元気である。落ち着きがないように見える。身長170cm(5 ft 7 in)、体重68kg(150 lb)、BMI24kg/m2。バイタルサインは、体温37.7℃(99.8°F)、脈拍90/分、呼吸数20/分、血圧110/70mmHgである。患者は覚醒しており、十分な意識がある。身体所見では、両手の皮膚にひび割れがみられ、数本の指の先端と外側に及んでいる。上腕と下腿の筋肉は圧迫するとやや圧痛がある。血清検査ではクレアチンキナーゼ濃度600U/L、乳酸脱水素酵素濃度800U/L。全血球計算の結果は基準範囲内である。次のうち、最も可能性の高い診断はどれか?,線維筋痛症,重症筋無力症,多発性筋炎,強皮症,C
professional_medicine,25 歳の妊娠 3 回、出産 2回 の女性が、活発な陣痛のため妊娠 39 週で入院した。4分間隔の規則的な陣痛が続いていたが、現在は間欠的な弱い陣痛が数回あるのみである。過去6時間に2回、痛み止めの投薬を受けている。診察の結果、閉塞性陣痛の理由はない。胎頭部は係留しており、膜は無傷で、胎児心音は正常で、子宮頸管は 100%拡張し、7 cm になっている。最も可能性の高い診断は次のどれか?,ブラクストンヒックス収縮,子宮下部収縮リング,子宮機能低下症,原発性機能不全分娩,C
professional_medicine,25歳の女性が、右手のしびれが2ヵ月前からあるため受診した。この間、右手の薬指と小指にしびれがあることが多い。重篤な疾患の既往歴はなく、薬も服用していない。レジ係として働いており、自宅ではパソコンを使っている。2年前にやめるまで、ソフトボールリーグで5年間ピッチャーとしてプレーしていた。バイタルサインは正常範囲内。診察では筋力は十分である。右肘を触診すると、右薬指と小指に激痛が走る。右薬指の内側半分と小指全体に、一点の接触や軽い接触への感覚が低下している。これらの所見の原因として最も可能性が高いのは、右側の次のうちどれか?,手首の正中神経,前腕の筋皮神経,前腕の橈骨神経,肘の尺骨神経,D
professional_medicine,32歳の男性が、2週間前からの右肩の痛みを訴えて受診した。身体所見では、上腕骨大結節に圧痛があり、右上肢外転に疼痛がある。この患者の症状の原因は、次のうちどの筋の体性機能障害である可能性が最も高いか?,前斜角筋,広背筋,小胸筋,棘上筋,D
professional_medicine,17歳の少年が、パーティー会場で「うつろな目つき」と無表情でいるところを発見され、30分後に救急外来に運ばれてきた。脈拍72/分、血圧104/68mmHg。彼は背筋を伸ばして座っており、緊張病と思われる。身体診察では硬直を認める。診察中、患者は敵対的になり、医師に暴行を加えようとする。この患者が摂取した可能性の最も高い薬物は次のうちどれか?,ジアゼパム,メタンフェタミン,オキシコドン,PCP（フェンサイクリジン）,D
professional_medicine,前立腺がんを検出するための新しい血液検査が、300人の男性ボランティアを対象に評価される。血清前立腺特異抗原濃度が5ng/mLを超える（N<4）男性全員に前立腺の針生検を行う。100人の男性が生検を受け、90人に前立腺がんが見つかり、5人に慢性前立腺炎が見つかった。この検査の感度を計算するために必要なものは次のうちどれか?,一般集団における慢性前立腺炎の発生率,検査結果が5ng/mLを超え、生検検体が正常であった男性の数,一般集団における慢性前立腺炎の有病率,検査結果が5ng/mL以下であった男性の前立腺生検,D
professional_medicine,65歳の女性が失語症と右半身麻痺のため入院した。その後、尿失禁を発症した。尿路感染症の所見はなく、排尿障害の既往歴もない。最も可能性の高い診断は次のうちどれか?,自律神経因性膀胱,運動麻痺性膀胱,反射神経因性膀胱,非抑制性神経因性膀胱,D
medical_genetics,以下のトリソミー核型のうち、ヒトの発育に最も軽い影響を及ぼすのはどれか?,"47,XXX","47,xxy","47,xx,+13","47,XY,+21",A
medical_genetics,出生時の高度の貧血は何の特徴か?,アルファサラセミア,ベータサラセミア,遺伝性胎児ヘモグロビン持続性,鎌状赤血球症,A
medical_genetics,最も一般的な嚢胞性線維症の突然変異は以下のうちどれか?,欠失,重複,置換,挿入,A
medical_genetics,転写活性化タンパク質について正しく述べたものを次から選べ。,真核生物の遺伝子近傍の領域に結合し、RNAポリメラーゼによる遺伝子の転写を可能にする。,リボソームに結合し、特定のタンパク質の産生を活性化する。,ファージによる細菌の感染時に産生される。,翻訳中の転移RNAの機能に不可欠。,A
medical_genetics,以下のうち、X染色体の不活性化によって引き起こされるのはどれか?,哺乳類のメスにおいて、2本のX染色体のうち1本を遺伝的に切断する,ヒトで起こり、メスのすべての細胞で同じX染色体が不活性になる,Y染色体が遺伝的に不活性になる,ミバエでは起こるが、哺乳類では起こらない,A
medical_genetics,クローニングのためのプラスミドベクターについて正しく述べたものを次から選べ。,一般にファージベクターよりも大きなインサートに対応できる。,細菌内で増殖し、寒天平板上の細菌コロニーに存在する。,100キロ塩基以上のインサートに対応できる。,酵母での増殖を可能にするためにセントロメアを含む。,B
medical_genetics,ヒルシュスプルング病に関する以下の記述のうち、誤っているものはどれか?,ダウン症との関連がある。,男児より女児に多い。,RETは主要な感受性遺伝子。,再発のリスクは、短節病よりも長節病の方が高い。,B
medical_genetics,ヒト染色体のマッピングについて正しく述べたものを次から選べ。,家族の人数が少なかったため、性染色体に限定されていた。,大量のDNAマーカーが利用できるようになったため、より順調に進んだ。,連鎖群の数は染色体数の約2倍であることが判明した。,DNAのほぼすべてが遺伝子のコード化に関与していることが明らかになった。,B
medical_genetics,ほとんどの新しい突然変異について正しく述べたものを次から選べ。,有益,中立的または劇症,ヘテロ接合体ではなくホモ接合体に存在する,アロザイム研究（タンパク質電気泳動）を用いて検出可能,B
medical_genetics,ヒトの場合、各細胞には通常______の染色体がある。,11対,23対,32対,46対,B
medical_genetics,DNAにおいて、アデニンと通常、対になるのはどれか?,シトシン,グアニン,チミン,ウラシル,C
medical_genetics,腎無発生による羊水過少に続発する肺低形成で生まれた乳児は、以下の分類のうちどれがあてはまるか?,連合,異形成,シークエンス,症候群,C
medical_genetics,以下の症状のうち、トリヌクレオチド（三重鎖）リピートの拡張によって引き起こされるのはどれか?,嚢胞性線維症,デュシェンヌ型筋ジストロフィー,ハンチントン病,骨形成不全症,C
medical_genetics,分子報告書のAsp235Pheが示しているのは、以下のうちどれか?,アスパラギンがフェニルアラニンに置換されている。,フェニルアラニンがアスパラギンに置換されている。,アスパラギン酸がフェニルアラニンに置換されている。,フェニルアラニンがアスパラギン酸に置換されている。,C
medical_genetics,ポリメラーゼ連鎖反応(PCR)は、以下のうちどのような技術か?,DNAが遺伝物質であることを証明するために使用された技術,土壌サンプル中のミネラル含有量を測定するために使用された技術,短いDNAプライマーと耐熱性DNAポリメラーゼを使用し、試験管内で特定のDNA配列を複製する技術,翻訳中のリボソーム移動速度を測定する技術,C
medical_genetics,家族性高コレステロール血症は、何をコードする遺伝子の変異によって引き起こされるか?,高密度リポ蛋白,HMG-CoA還元酵素,低密度リポ蛋白,低密度リポ蛋白受容体,D
medical_genetics,出生前超音波検査で染色体異常を疑わない所見はどれか?,十二指腸閉鎖症,全前頭症,胎児水腫,一卵性双生児,D
medical_genetics,親が_______に曝露した結果、子孫への世代間伝播が起こる可能性がある。,戦争,自然災害,飢餓,これらすべて,D
medical_genetics,シュードコリンエステラーゼ欠損症は何に対する感受性の増加と関連するか?,空豆,ハロタン,プリマキン,サクシニルコリン,D
medical_genetics,シロイヌナズナは、以下のうちどの理由で、植物の遺伝子研究に有利か?,食用作物として商業的に重要,絶滅の危機に瀕している種,現存する植物の中で最も人間に近い種,ゲノムサイズが小さく、安価に栽培できる植物,D
clinical_knowledge,クレアチンキナーゼの活性の説明で正しいものはどれか？, 細胞内ADPが上昇すると増加する。, 筋pHが6.9以下になると増加する。, II型線維ではI型線維よりも常に低い。, 持久的トレーニングの後に増加する。,A
clinical_knowledge,マスクされている対立遺伝子を何と呼ぶか？, 劣性。, 冗長。, 抑制されている。, 隠遁的。,A
clinical_knowledge,英国で最も一般的な認知症の原因はどれか？, アルツハイマー病, 脳血管（脳卒中）疾患, レビー小体型認知症, HIV感染症,A
clinical_knowledge,口腔内の洗浄に使う道具として、最初に選ぶべきものはどれか？, 小さくて柔らかい歯ブラシ, ガーゼに包んだ手袋をはめた指。, ガーゼに包んだ鉗子。,フォームスティック,A
clinical_knowledge,中指の骨の名前を、手から見て正しい順に挙げよ。, 近位指節、中位指節、遠位指節。, 遠位指節、中位指節、近位指節。, 中咽頭、遠位咽頭、近位咽頭。,遠位咽頭、近位咽頭、中間咽頭。,A
clinical_knowledge,ピルビン酸デヒドロゲナーゼ複合体の説明として正しいものはどれか？, 筋小胞体に存在する。, ピルビン酸からアセチルCoAへの変換を触媒する。, ピルビン酸から乳酸への変換を触媒する。, 乳酸からピルビン酸への変換を触媒する。,B
clinical_knowledge,筋肉によるグルコースとアミノ酸の取り込みを促進するのはどれか？, アドレナリン , インスリン , グリコーゲン , コルチゾール,B
clinical_knowledge,イレウス瘻の開口部はどのようにすべきか？, 皮膚と同じ高さ。, 3～5cmの長さ。, 皮膚の高さより下。, 長さ5cm以上。,B
clinical_knowledge,ゴルジ腱器官を最もよく表しているのはどれか？, 主筋体内に存在する固有受容運動受容器。, 筋と腱の接合部にある固有受容感覚受容器。, 主筋体内に存在する固有受容感覚受容器。,筋と腱の接合部に見られる固有受容運動受容器。,B
clinical_knowledge,急性尿閉の最も考えられる原因は何か？, 血尿。, 膀胱流出障害。, 飲酒。, 腎結石。,B
clinical_knowledge,気管逸脱を起こす可能性が最も高いのはどれか？, 左基部肺炎 , 小さな右胸水 , 右上葉結核の既往 , 特発性線維化性肺胞炎,C
clinical_knowledge,アポリポ蛋白質E遺伝子を持つ患者はどの病気のリスクがあるか？, 嚢胞性線維症。, ハンチントン痴呆症。, アルツハイマー病。,うつ病。,C
clinical_knowledge,解糖速度が速いときにpHの変化を抑える細胞内緩衝液として働くものはどれか？, グルタミン , グルコース , カルノシン , アミラーゼ,C
clinical_knowledge,チアノーゼを起こしている患者の酸素飽和度は？, 98％以上。, 94％以上。, 80％以下。, 85％以上。,C
clinical_knowledge,カニューレはどれくらいの頻度で洗浄すべきか？, 4時間ごと。, 8時間ごと。, 12時間ごと。, 16時間ごと。,C
clinical_knowledge,女子の世界記録は近年急速に向上しているが、その理由は以下のうちどれか？, 女性は筋肉量が増加した。, 女性が男性よりも速く走れるようになった。, 女性がより早い年齢からトレーニングを始めた。, より多くの女性がスポーツに携わるようになった。,D
clinical_knowledge,呼吸仕事量の増加と関連しないのはどれか？, 呼吸数の上昇。, うるさい呼吸。, 付属筋の使用の増加。,呼吸数16回/分。,D
clinical_knowledge,骨格筋の収縮プロセスを開始する引き金は？, ミオシンへのカリウムの結合。, カルシウムのトロポミオシンへの結合。, ミオシン架橋へのATP結合。, トロポニンへのカルシウム結合。,D
clinical_knowledge,スポーツの成功を左右する主な要因は？, エネルギーの高い食事と食欲。, 高い知性と成功への意欲。, 優れたコーチと成功への意欲。, 生まれつきの能力と、トレーニングの刺激に反応する能力。,D
clinical_knowledge,次の生理学的特性のうち、マラソンなどの持久系競技で成功するために重要でないものはどれか？, 体温調節能力。, 運動している筋肉に酸素を供給する能力。, 炭水化物の体内貯蔵が可能であること。,筋肉のATPとホスホクレアチンの含有量。,D
anatomy,次のうち、筋肉への神経インパルスの伝達を助ける物質はどれか？, アセチルコリン , コレシストキニン , デオキシリボース , オキシトシン,A
anatomy,硬口蓋の粘膜について正しい記述はどれか？,角化し、粘膜下層と小唾液腺を後口側に有する。, 角化せず、粘膜下層と小唾液腺を後内側に有する。, 角化し、粘膜下層と小唾液腺を欠く。, 非角化で、粘膜下層と小唾液腺を欠く。,A
anatomy,次のうち、体内で尿を集める構造を最もよく表しているものはどれか？,膀胱 ,腎臓 , 尿管 , 尿道,A
anatomy,肺のガス交換を可能にするのはどれか？, 肺胞 , 気管支 , 気管支 , 毛細血管,A
anatomy,患者がテイクアウト食品店で立って食事をしているときに、非常にむし歯の多い歯の歯冠が突然破折し、その破片を吸い込んだ。その破片はどこに入りやすいか？,右主気管支は左主気管支より太く垂直なので、右肺。,左主気管支は右主気管支より太く垂直であるため、左肺。, 2本の主気管支は同じ大きさで、同じ角度なので、右肺または左肺。, 破片が特定の方向に向かう素因がないため、右肺または左肺。,A
anatomy,次の骨のうち、頬骨と結合して頬骨弓を形成する突起があるのはどれか？, 上顎骨 , 側頭骨 , 蝶形骨 , 前頭骨,B
anatomy,耳下腺管はどこを通り、どこから口腔内に入るか？,咬筋の深部を通り、上顎第二大臼歯の反対側から口腔内に入る。, 咬筋の表層を通り、上顎第二大臼歯の反対側から口腔内に入る。, 咬筋の深部を通り、上顎第二小臼歯の反対側から口腔内に入る。, 咬筋に表在し、上顎第二小臼歯の反対側から口腔内に入る。,B
anatomy,次のうち、軟骨内骨化によって発生する骨はどれか？, 肋骨 , 肋骨と胸骨 , 肋骨、胸骨、鎖骨 , 肋骨、胸骨、鎖骨、椎骨,B
anatomy,第1上腕弓から派生する筋肉はどれか？,咀嚼筋 ,咀嚼筋と二腹筋の前腹,咀嚼筋と二腹筋の前腹と後腹 ,咀嚼筋と二腹筋の前腹と後腹、および舌骨筋,B
anatomy,蝶形後頭骨滑車の記述で正しいのはどれか？,二次成長軟骨。, 粘膜頭蓋の位置に影響する。, 7歳で活動を停止する。, 先端巨大症の患者では再活性化することがある。,B
anatomy,眼窩下神経ブロックに成功すると、どこの麻酔が得られるか？,上顎前歯, 上顎前歯とその唇側歯肉, 上顎前歯、その唇側歯肉および上唇, 上顎前歯、その唇側歯肉、上唇および前方硬口蓋,C
anatomy,脳幹における経路について、正しい記述はどれか？,侵害受容経路は内側大脳半月で交差する ,熟練運動経路は内側大脳半月で交差する ,熟練運動経路は錐体で交差する。, 識別触覚経路は錐体で交差する。,C
anatomy,ある患者がガラス窓から転落し、手首の末梢運動神経を切断した。神経が再生しない場合、約半年後、その神経が通常支配している筋肉は、次の4つの選択肢のうちどの徴候を示すか？, 痙性麻痺 , 弛緩性麻痺 , 萎縮 , 拘縮,C
anatomy,腹腔の左上腹部の横隔膜の下にあるのは次のどれか？,虫垂, 十二指腸 , 脾臓 , 膵臓,C
anatomy,胎児では、動脈管はどこからどこへ血液を送るか？,肺静脈から大動脈, 大動脈から肺静脈, 肺動脈から大動脈, 大動脈から肺動脈,C
anatomy,次のうち、鎖骨下動脈の枝から栄養を受けている脳領域はどれか？, 前頭葉 , 頭頂葉 , 視床下部 , 小脳,D
anatomy,気道は、甲状腺峡部のどの位置を横切っているか？,甲状軟骨, 輪状甲状膜, 輪状軟骨, 気管輪,D
anatomy,滑膜関節の固有受容神経終末は、どこにあるか？, 関節軟骨と滑膜, 滑膜と被膜, 被膜と靭帯, 靭帯と関節円板,D
anatomy,患者を診察したところ、内側に斜視があることがわかった。これはどこの損傷によると考えられるか？,動眼神経, 耳介神経, 眼三叉神経, 外転神経,D
anatomy,生きている患者で触診できる骨構造は次のどれか？, 眼窩上孔 , 眼窩下孔 , 精神孔 , 上記すべて,D
college_medicine,"細胞が正しく分裂するためには、正しく遂行されなければならない有糸分裂の5つの段階がある。有糸分裂の段階を、その適切な構成要素に当てはめよ。
分裂前期-核小体の溶解",分裂中期-2つの異なる核膜の形成,細胞質分裂-姉妹染色分体がそれぞれの極に分離,分裂終期-赤道板の形成,分裂後期-細胞質と小器官の分離,A
college_medicine,筋線維が弛緩するのはいつか?,神経刺激が取り除かれるとき。,神経刺激が強すぎるとき。,アクチン結合部位が露出するとき。,アクチン結合部位が飽和するとき。,A
college_medicine,ニューヨークには、さまざまなバックグラウンドを持つ700万人以上の人々が住んでいる。街自体にも特徴があるが、小さなエリアがいくつかあり、たいていは同じ国籍の人々が集まり、以前住んでいた国の習慣を守っている。たとえば、市内の小さな町リトル・イタリーでは、今でも頬にキスをして挨拶する習慣がある。これはどのような現象の一例か?,サブカルチャー,カウンターカルチャー,マイクロカルチャー,カルチャーラグ,A
college_medicine,タンパク質のアミノ酸をつなぐ共有結合の種類は?,ペプチド結合,水素結合,イオン結合,グリコシド結合,A
college_medicine,解糖系における基質準位リン酸化を介したATPの純生産量を以下から選択せよ。,2はグルコースから、3はグリコーゲンから。,2はグルコースから、4はグリコーゲンから。,3はグルコースから、4はグリコーゲンから。,3はグルコースから、2はグリコーゲンから。,A
college_medicine,キナーゼ反応について、正しいものを以下から選択せよ。,ATPの分解を阻害する。,リン酸基の付加または除去を伴う。,ケトン基の付加または除去を伴う。,ポリペプチド鎖へのアミノ酸の付加または除去を伴う。,B
college_medicine,ピルビン酸デヒドロゲナーゼ複合体について、正しい記述を以下から選択せよ。,筋形質に存在する。,ピルビン酸からアセチルCoAへの変換を触媒する。,ピルビン酸から乳酸への変換を触媒する。,乳酸からピルビン酸への変換を触媒する。,B
college_medicine,筋肉におけるグリコーゲンの分解が、最初に生成するものは?,グルコース。,グルコース-1-リン酸。,グルコース-6-リン酸。,"グルコース-1,6-二リン酸。",B
college_medicine,酸素が使われるものを以下から選択せよ。,解糖。,脂肪酸からアセチルCoAへの変換。,トリカルボン酸回路 (クレブス回路)。,グリコーゲン分解。,B
college_medicine,次のうち、体内で完全に酸化されたときに最もエネルギーを放出するのはどれか?,グルコース1グラム,パルミチン酸1グラム,ロイシン1グラム,アルコール1グラム,B
college_medicine,速筋線維に含まれるものは以下のうちどれか?,比較的数が多いミトコンドリアと、低いATPアーゼ活性。,比較的数が少ないミトコンドリアと、低いATPアーゼ活性。,比較的数が少ないミトコンドリアと、高いATPアーゼ活性。,比較的数が多いミトコンドリアと、高いATPアーゼ活性。,C
college_medicine,世界システム論では、世界を単位として、中核国、周辺国、半周辺国の3つのサブカテゴリーに分類している。次の答えのうち、半周辺国と最もよく相関するものはどれか?,中央政府が強い。,1つの天然資源に集中した経済。,経済が多様化し、発展している。,超上流階級の個人の割合が少ない。,C
college_medicine,実験用マウスのDNA断片は5' - GGATCCTCATG - 3'と決定された。この元のDNA配列が点突然変異と欠失の両方を経験した結果、次のDNA断片のどれになるか?,5' - GCATCCTCATG - 3',5' - TGATCCCAG - 3',5' - GGTCCTCATC - 3',5' - GGATCCATG - 3',C
college_medicine,食事における炭水化物の摂取量が少ないことについて、正しい記述を以下から選択せよ。,10分未満の競技では運動能力に影響を与えない。,安静時筋pHに影響する。,高強度の運動能力を損なう可能性がある。,運動中の筋グリコーゲンへの依存度が高くなる。,C
college_medicine,ニューロンの機能に関して、正しくないものを選択せよ。,活動電位の終末における過分極は、ニューロンが活動電位の発火速度を制限するメカニズムの一つである。,ナトリウムのニューロンへの流入は、活動電位の最初の段階で膜を脱分極させる。,伝達ニューロンは、樹状突起からシナプス間隙に神経伝達物質を分泌する。,活動電位は、軸索小丘が閾電位に達したときに開始される。,C
college_medicine,女子の世界記録は主に以下の理由により近年急速に向上しているのはなぜか?,女性の筋肉量が増加したから。,女性が男性よりも速く走れるようになったから。,女性がより早い年齢からトレーニングを始めたから。,より多くの女性がスポーツに携わるようになったから。,D
college_medicine,解糖の律速酵素を以下から選択せよ。,ホスホリラーゼ。,ヘキソキナーゼ。,ピルビン酸デヒドロゲナーゼ。,ホスホフルクトキナーゼ。,D
college_medicine,ヴィゴツキーの社会文化的発達理論は、子どもが生まれながらに持っている精神機能と、それを大人として持っているものにどのように発達させていくかという相互作用を説明しようとするものである。その重要な構成要素のひとつが、最近接発達領域である。次の記述のうち、最近接発達領域にある個人を正確に表しているものはどれか?,野球選手はマッスルメモリーを構築するためにティーから野球ボールを打つ。,フルート演奏者が、非常に複雑な終結部を持つ曲をミスなく仕上げることができない。,高校生の英語学習者が、教授による査読のために論文を提出する。,ある高飛び込み選手が、特定の動きのフォームを改善するためにコーチの指導を受ける。,D
college_medicine,1～2秒持続する非常に強い収縮の場合、最初のエネルギー源となるものは以下のうちどれか?,解糖。,クレアチンリン酸化。,ホスホクレアチン貯蔵。,ATP貯蔵。,D
college_medicine,"「サウナ入浴」と呼ばれることもあるサウナの利用は、極度の熱に短期間受動的にさらされることが特徴である。この熱にさらされることによって、軽度の高体温-深部体温の上昇-を引き起こし、神経内分泌、心血管系、細胞保護機構を含む体温調節反応を誘発し、ホメオスタシスを回復させ、将来の熱ストレス要因に備えて身体を整える...ここ数十年、サウナ入浴は、観察研究、介入研究、機構論的研究から得られた説得力のあるデータに基づき、寿命を延ばし、全身の健康を改善する手段として浮上してきた。特に興味深いのは、クオピオ虚血性心疾患危険因子 (KIHD) 研究の参加者を対象とした研究結果である。これは、フィンランド東部の中年男性2,300人以上を対象とした健康アウトカムに関する現在進行中の前向き集団ベースコホート研究で、サウナ利用と死亡や疾病の減少との間に強い関連性があることが確認されている...KIHDの結果は、週に2～3回サウナを利用した男性は、サウナを利用しなかった男性より心疾患関連要因による死亡が27％少なかったことを示した。[2]さらに、彼らが経験した恩恵は用量依存的であることが判明した：サウナを約2倍の頻度、週に約4～7回利用した男性は、約2倍の恩恵を受け、心疾患関連要因による死亡が50%低かった。[2]さらに、サウナを頻繁に利用する人は、すべての早死の原因による死亡率が40％低いことがわかった。これらの結果は、男性の健康に影響を及ぼす可能性のある年齢、活動レベル、ライフスタイルの要因を考慮しても同様であった。[2]...KIHDはまた、サウナを頻繁に利用することで、認知症やアルツハイマー病の発症リスクが用量依存的に低下することも明らかにした。週に2～3回サウナを利用する男性は、週に1回しかサウナを利用しない男性に比べて、認知症の発症リスクが66％、アルツハイマー病の発症リスクが65％低かった...サウナ利用に関連する健康上の利点は、精神的健康の他の側面にも及んだ。KIHD研究に参加した男性のうち、週に4～7回サウナを利用した男性は、食生活、社会経済的状況、身体活動、炎症状態 (C反応性タンパク質で測定) にかかわらず、精神病性障害を発症する可能性が77％低かった...高温にさらされると身体にストレスがかかり、迅速で強固な反応が引き起こされる。皮膚と深部の体温が著しく上昇し、発汗が起こる。まず皮膚が熱くなり、40℃ (104°F) まで上昇し、次に深部体温の変化が起こり、37℃ (98.6°F、平熱) から38℃ (100.4°F) までゆっくりと上昇し、その後39℃ (102.2°F) まで急速に上昇する...心拍数 (1分間の拍動数) は増加し、一回拍出量 (血液を送り出す量) は変化しないが、心拍出量 (酸素を必要とする身体に応じて心臓が行う仕事量の指標) は60～70％増加する。[5]この間、身体の血流の約50～70％は、発汗を促進するために、深部から皮膚に再分配される。平均的な人は、サウナ入浴中に約0.5kgの汗をかく。[11]急性熱曝露はまた、中核血液量の減少を緩和するために、血漿量全体の一過性の増加を引き起こす。この血漿量の増加は、発汗のための予備的な水分源となるだけでなく、自動車のラジエーターの水のような役割も果たし、深部体温の急激な上昇を防ぐために身体を冷却し、暑さへの耐性を促進する...サウナの利用を繰り返すことで、身体が暑さに順応し、将来の暴露に対する身体の反応が最適化されるが、これはおそらくホルミシス (ストレス要因の大きさに不相応な軽度のストレス要因にさらされた後の代償性の防御反応) として知られる生物学的現象によるものである。ホルミシスは、細胞の損傷を修復するだけでなく、その後のより破壊的なストレス要因への暴露から身を守るための、膨大な数の防御メカニズムを引き起こす...サウナ利用による生理学的反応は、中程度から強度の運動中に経験するものと驚くほどよく似ている。実際、サウナの利用は、慢性疾患や身体的制限のために運動ができない人のための、運動の代替手段として提案されている。[13]

この記事に基づき、サウナ利用後に人が行うべき重要なことは何か?",冷水のシャワーを浴びる。,運動する。,食事をする。,ろ過した水で水分を補給する。,D
